AD,,,"Europe/Andorra"
AE,,,"Asia/Dubai"
AF,,,"Asia/Kabul"
AG,,,"America/Antigua"
AL,,,"Europe/Tirane"
AM,,,"Asia/Yerevan"
AO,,,"Africa/Luanda"
AR,,,"America/Argentina/Salta"
AR,A,,"America/Argentina/Salta"
AR,B,,"America/Argentina/Buenos_Aires"
AR,D,,"America/Argentina/San_Luis"
AR,E,,"America/Argentina/Cordoba"
AR,F,,"America/Argentina/La_Rioja"
AR,G,,"America/Argentina/Cordoba"
AR,G,"Lavalle","America/Argentina/Catamarca"
AR,G,"Las Flores","America/Argentina/Catamarca"
AR,H,,"America/Argentina/Cordoba"
AR,J,,"America/Argentina/San_Juan"
AR,K,,"America/Argentina/Catamarca"
AR,L,,"America/Argentina/Salta"
AR,M,,"America/Argentina/Mendoza"
AR,N,,"America/Argentina/Cordoba"
AR,P,,"America/Argentina/Cordoba"
AR,Q,,"America/Argentina/Salta"
AR,R,,"America/Argentina/Salta"
AR,S,,"America/Argentina/Cordoba"
AR,T,,"America/Argentina/Tucuman"
AR,U,,"America/Argentina/Catamarca"
AR,V,,"America/Argentina/Ushuaia"
AR,W,,"America/Argentina/Cordoba"
AR,X,,"America/Argentina/Cordoba"
AR,Y,,"America/Argentina/Jujuy"
AR,Z,,"America/Argentina/Rio_Gallegos"
AS,,,"Pacific/Pago_Pago"
AT,,,"Europe/Vienna"
AU,,,"Australia/Sydney"
AU,ACT,,"Australia/Sydney"
AU,NSW,,"Australia/Sydney"
AU,NSW,"Tweed Heads","Australia/Brisbane"
AU,NSW,"Talmalmo","Australia/Melbourne"
AU,NSW,"Broken Hill","Australia/Broken_Hill"
AU,NT,,"Australia/Darwin"
AU,QLD,,"Australia/Brisbane"
AU,SA,,"Australia/Adelaide"
AU,SA,"Cockburn","Australia/Broken_Hill"
AU,TAS,,"Australia/Hobart"
AU,VIC,,"Australia/Melbourne"
AU,VIC,"Robinvale","Australia/Sydney"
AU,VIC,"Sunshine","Australia/Sydney"
AU,VIC,"Bundalong","Australia/Sydney"
AU,VIC,"Wahgunyah","Australia/Sydney"
AU,WA,,"Australia/Perth"
AZ,,,"Asia/Baku"
BA,,,"Europe/Sarajevo"
BB,,,"America/Barbados"
BD,,,"Asia/Dhaka"
BE,,,"Europe/Brussels"
BF,,,"Africa/Ouagadougou"
BG,,,"Europe/Sofia"
BH,,,"Asia/Bahrain"
BI,,,"Africa/Bujumbura"
BJ,,,"Africa/Porto-Novo"
BM,,,"Atlantic/Bermuda"
BN,,,"Asia/Brunei"
BO,,,"America/La_Paz"
BQ,,,"America/Kralendijk"
BR,,,"America/Rio_Branco"
BR,AC,,"America/Rio_Branco"
BR,AL,,"America/Maceio"
BR,AM,,"America/Manaus"
BR,AP,,"America/Belem"
BR,BA,,"America/Bahia"
BR,DF,,"America/Sao_Paulo"
BR,ES,,"America/Sao_Paulo"
BR,GO,,"America/Sao_Paulo"
BR,GO,,"America/Araguaina"
BR,MA,,"America/Fortaleza"
BR,MA,,"America/Araguaina"
BR,MG,,"America/Sao_Paulo"
BR,MS,,"America/Campo_Grande"
BR,MT,,"America/Cuiaba"
BR,MT,"Cocalinho","America/Sao_Paulo"
BR,PA,,"America/Belem"
BR,PA,"Monte Alegre","America/Santarem"
BR,PA,"Itaituba","America/Santarem"
BR,PA,"Altamira","America/Santarem"
BR,PA,"Santarém","America/Santarem"
BR,PA,"Abidos","America/Santarem"
BR,PA,"Juruti","America/Santarem"
BR,PA,"Monte Dourado","America/Santarem"
BR,PA,"Almeirim","America/Santarem"
BR,PA,"Conceicao do Araguaia","America/Araguaina"
BR,PA,"Sao Geraldo do Araguaia","America/Araguaina"
BR,PA,,"America/Manaus"
BR,PE,,"America/Recife"
BR,PE,"Itamaraca","America/Noronha"
BR,PI,,"America/Recife"
BR,PR,,"America/Sao_Paulo"
BR,RJ,,"America/Sao_Paulo"
BR,RO,,"America/Porto_Velho"
BR,RR,,"America/Boa_Vista"
BR,RS,,"America/Sao_Paulo"
BR,SC,,"America/Sao_Paulo"
BR,SE,,"America/Maceio"
BR,SE,"Sao Domingos","America/Bahia"
BR,SE,"Poco Verde","America/Bahia"
BR,SP,,"America/Sao_Paulo"
BR,TO,,"America/Araguaina"
BS,,,"America/Nassau"
BT,,,"Asia/Thimphu"
BW,,,"Africa/Gaborone"
BY,,,"Europe/Minsk"
BZ,,,"America/Belize"
CA,,,"America/Edmonton"
CA,AB,,"America/Edmonton"
CA,BC,,"America/Vancouver"
CA,BC,"Field","America/Edmonton"
CA,BC,"Windermere","America/Edmonton"
CA,BC,"Fernie","America/Edmonton"
CA,BC,"Fairmont Hot Springs","America/Edmonton"
CA,BC,"Golden","America/Edmonton"
CA,BC,"Invermere","America/Edmonton"
CA,BC,"Cranbrook","America/Edmonton"
CA,BC,"Spillimacheen","America/Edmonton"
CA,BC,"Marysville","America/Edmonton"
CA,BC,"Grasmere","America/Edmonton"
CA,BC,"Kimberley","America/Edmonton"
CA,BC,"Parson","America/Edmonton"
CA,BC,"Canal Flats","America/Edmonton"
CA,BC,"Baldonnel","America/Dawson_Creek"
CA,BC,"Moberly Lake","America/Dawson_Creek"
CA,BC,"Charlie Lake","America/Dawson_Creek"
CA,BC,"Gray Creek","America/Dawson_Creek"
CA,BC,"Dawson Creek","America/Dawson_Creek"
CA,BC,"Fort St. John","America/Dawson_Creek"
CA,BC,"Pouce Coupe","America/Dawson_Creek"
CA,BC,"Taylor","America/Dawson_Creek"
CA,BC,"Boswell","America/Dawson_Creek"
CA,BC,"Tumbler Ridge","America/Dawson_Creek"
CA,BC,"Creston","America/Creston"
CA,BC,"Kitchener","America/Creston"
CA,BC,"Yahk","America/Creston"
CA,MB,,"America/Winnipeg"
CA,NB,,"America/Moncton"
CA,NB,"Florenceville-Bristol","America/St_Johns"
CA,NL,,"America/St_Johns"
CA,NL,"Labrador City","America/Goose_Bay"
CA,NL,"Happy Valley-Goose Bay","America/Goose_Bay"
CA,NL,"Wabush","America/Goose_Bay"
CA,NS,,"America/Halifax"
CA,NS,"Sydney","America/Glace_Bay"
CA,NS,"Port Morien","America/Glace_Bay"
CA,NS,"Louisbourg","America/Glace_Bay"
CA,NS,"Sydney Mines","America/Glace_Bay"
CA,NS,"North Sydney","America/Glace_Bay"
CA,NS,"Mira Gut","America/Glace_Bay"
CA,NS,"Glace Bay","America/Glace_Bay"
CA,NS,"Sydney","America/Glace_Bay"
CA,NS,"Iona","America/Glace_Bay"
CA,NS,"New Waterford","America/Glace_Bay"
CA,NT,,"America/Yellowknife"
CA,NT,"Fort Smith","America/Edmonton"
CA,NT,,"America/Cambridge_Bay"
CA,NT,"Inuvik","America/Inuvik"
CA,NU,,"America/Iqaluit"
CA,NU,"Rankin Inlet","America/Rankin_Inlet"
CA,NU,"Arviat","America/Rankin_Inlet"
CA,NU,"Kugluktuk","America/Cambridge_Bay"
CA,NU,"Kugaaruk","America/Cambridge_Bay"
CA,NU,"Cambridge Bay","America/Cambridge_Bay"
CA,NU,"Arctic Bay","America/Rankin_Inlet"
CA,ON,,"America/Toronto"
CA,ON,"Dryden","America/Winnipeg"
CA,ON,"Fort Frances","America/Winnipeg"
CA,ON,"Pikangikum","America/Winnipeg"
CA,ON,"Oxdrift","America/Winnipeg"
CA,ON,"Ignace","America/Winnipeg"
CA,ON,"Kenora","America/Winnipeg"
CA,ON,"Keewatin","America/Winnipeg"
CA,ON,"Emo","America/Winnipeg"
CA,ON,"Red Lake","America/Winnipeg"
CA,ON,"Wabigoon","America/Winnipeg"
CA,ON,"Bearskin Lake","America/Winnipeg"
CA,ON,"Deer Lake","America/Winnipeg"
CA,ON,"Cat Lake","America/Winnipeg"
CA,ON,"Sandy Lake","America/Winnipeg"
CA,ON,"Sioux Lookout","America/Winnipeg"
CA,ON,"Thunder Bay","America/Thunder_Bay"
CA,ON,"Nipigon","America/Nipigon"
CA,ON,"Atikokan","America/Atikokan"
CA,PE,,"America/Halifax"
CA,PE,,"America/Moncton"
CA,QC,,"America/Toronto"
CA,QC,"La Tabatiere","America/Blanc-Sablon"
CA,QC,"Riviere-Saint-Paul","America/Blanc-Sablon"
CA,QC,"Saint-Augustin","America/Blanc-Sablon"
CA,QC,"Harrington Harbour","America/Blanc-Sablon"
CA,QC,"L'Etang-du-Nord","America/Halifax"
CA,QC,"Havre-Aubert","America/Halifax"
CA,QC,"Cap-aux-Meules","America/Halifax"
CA,SK,,"America/Regina"
CA,SK,"Onion Lake","America/Edmonton"
CA,SK,"Lashburn","America/Edmonton"
CA,SK,"Maidstone","America/Edmonton"
CA,SK,"Lloydminster","America/Edmonton"
CA,SK,"Neilburg","America/Edmonton"
CA,SK,"Swift Current","America/Swift_Current"
CA,YT,,"America/Whitehorse"
CA,YT,"Dawson City","America/Dawson"
CA,YT,"Watson Lake","America/Vancouver"
CD,,,"Africa/Kinshasa"
CD,BC,,"Africa/Kinshasa"
CD,KN,,"Africa/Kinshasa"
CD,NK,,"Africa/Lubumbashi"
CF,,,"Africa/Bangui"
CG,,,"Africa/Brazzaville"
CH,,,"Europe/Zurich"
CI,,,"Africa/Abidjan"
CL,,,"America/Santiago"
CL,RM,,"America/Santiago"
CL,VS,,"Pacific/Easter"
CM,,,"Africa/Douala"
CN,,,"Asia/Urumqi"
CN,44,,"Asia/Urumqi"
CN,53,,"Asia/Shanghai"
CN,54,,"Asia/Urumqi"
CN,63,,"Asia/Urumqi"
CN,65,,"Asia/Urumqi"
CO,,,"America/Bogota"
CR,,,"America/Costa_Rica"
CU,,,"America/Havana"
CV,,,"Atlantic/Cape_Verde"
CY,,,"Asia/Nicosia"
CZ,,,"Europe/Prague"
DE,,,"Europe/Berlin"
DK,,,"Europe/Copenhagen"
DM,,,"America/Dominica"
DO,,,"America/Santo_Domingo"
DZ,,,"Africa/Algiers"
EC,,,"America/Lima"
EC,Y,,"America/Lima"
EC,Z,,"America/Guayaquil"
EE,,,"Europe/Tallinn"
EG,,,"Africa/Cairo"
ER,,,"Africa/Asmara"
ES,,,"Europe/Madrid"
ES,AN,,"Europe/Madrid"
ES,CE,,"Africa/Ceuta"
ES,CN,,"Atlantic/Canary"
ES,GA,,"Europe/Lisbon"
ES,ML,,"Africa/Ceuta"
ES,VC,,"Europe/Lisbon"
ET,,,"Africa/Addis_Ababa"
FI,,,"Europe/Helsinki"
FJ,,,"Pacific/Fiji"
FM,,,"Pacific/Chuuk"
FR,,,"Europe/Paris"
GA,,,"Africa/Libreville"
GB,,,"Europe/London"
GD,,,"America/Grenada"
GE,,,"Asia/Tbilisi"
GH,,,"Africa/Accra"
GL,,,"America/Godthab"
GL,QA,,"America/Godthab"
GL,,,"America/Thule"
GM,,,"Africa/Banjul"
GN,,,"Africa/Conakry"
GQ,,,"Africa/Malabo"
GR,,,"Europe/Athens"
GT,,,"America/Guatemala"
GW,,,"Africa/Bissau"
GY,,,"America/Guyana"
HK,,,"Asia/Hong_Kong"
HN,,,"America/Tegucigalpa"
HR,,,"Europe/Zagreb"
HT,,,"America/Port-au-Prince"
HU,,,"Europe/Budapest"
ID,,,"Asia/Makassar"
ID,BA,,"Asia/Makassar"
ID,GO,,"Asia/Makassar"
ID,KB,,"Asia/Pontianak"
ID,KI,,"Asia/Makassar"
ID,KS,,"Asia/Makassar"
ID,KT,,"Asia/Pontianak"
ID,MA,,"Asia/Jayapura"
ID,MU,,"Asia/Jayapura"
ID,NB,,"Asia/Makassar"
ID,NT,,"Asia/Makassar"
ID,PA,,"Asia/Jayapura"
ID,PB,,"Asia/Jayapura"
ID,SA,,"Asia/Makassar"
ID,SG,,"Asia/Makassar"
ID,SN,,"Asia/Makassar"
ID,SR,,"Asia/Makassar"
ID,ST,,"Asia/Makassar"
ID,SU,,"Asia/Jakarta"
IE,,,"Europe/Dublin"
IL,,,"Asia/Jerusalem"
IN,,,"Asia/Kolkata"
IQ,,,"Asia/Baghdad"
IR,,,"Asia/Tehran"
IS,,,"Atlantic/Reykjavik"
IT,,,"Europe/Rome"
JM,,,"America/Jamaica"
JO,,,"Asia/Amman"
JP,,,"Asia/Tokyo"
KE,,,"Africa/Nairobi"
KG,,,"Asia/Bishkek"
KH,,,"Asia/Phnom_Penh"
KI,,,"Pacific/Tarawa"
KM,,,"Indian/Comoro"
KN,,,"America/St_Kitts"
KP,,,"Asia/Pyongyang"
KR,,,"Asia/Seoul"
KW,,,"Asia/Kuwait"
KZ,,,"Asia/Almaty"
KZ,AKM,,"Asia/Almaty"
KZ,AKT,,"Asia/Aqtobe"
KZ,ALA,,"Asia/Almaty"
KZ,ALM,,"Asia/Almaty"
KZ,AST,,"Asia/Almaty"
KZ,ATY,,"Asia/Oral"
KZ,BAY,,"Asia/Almaty"
KZ,KAR,,"Asia/Almaty"
KZ,KUS,,"Asia/Qyzylorda"
KZ,KZY,,"Asia/Qyzylorda"
KZ,MAN,,"Asia/Aqtau"
KZ,PAV,,"Asia/Almaty"
KZ,SEV,,"Asia/Almaty"
KZ,VOS,,"Asia/Almaty"
KZ,YUZ,,"Asia/Almaty"
KZ,ZAP,,"Asia/Oral"
KZ,ZHA,,"Asia/Almaty"
LA,,,"Asia/Vientiane"
LB,,,"Asia/Beirut"
LC,,,"America/St_Lucia"
LI,,,"Europe/Vaduz"
LK,,,"Asia/Colombo"
LR,,,"Africa/Monrovia"
LS,,,"Africa/Maseru"
LT,,,"Europe/Vilnius"
LU,,,"Europe/Luxembourg"
LV,,,"Europe/Riga"
LY,,,"Africa/Tripoli"
MA,,,"Africa/Casablanca"
MD,,,"Europe/Chisinau"
ME,,,"Europe/Podgorica"
MH,,,"Pacific/Majuro"
MK,,,"Europe/Skopje"
ML,,,"Africa/Bamako"
MM,,,"Asia/Rangoon"
MN,,,"Asia/Ulaanbaatar"
MN,1,,"Asia/Ulaanbaatar"
MN,37,,"Asia/Ulaanbaatar"
MN,39,,"Asia/Ulaanbaatar"
MN,41,,"Asia/Ulaanbaatar"
MN,47,,"Asia/Ulaanbaatar"
MN,49,,"Asia/Ulaanbaatar"
MN,51,,"Asia/Choibalsan"
MN,53,,"Asia/Ulaanbaatar"
MN,55,,"Asia/Ulaanbaatar"
MN,57,,"Asia/Hovd"
MN,59,,"Asia/Ulaanbaatar"
MN,61,,"Asia/Choibalsan"
MN,63,,"Asia/Ulaanbaatar"
MN,64,,"Asia/Ulaanbaatar"
MN,67,,"Asia/Ulaanbaatar"
MN,69,,"Asia/Ulaanbaatar"
MN,73,,"Asia/Ulaanbaatar"
MP,,,"Pacific/Saipan"
MR,,,"Africa/Nouakchott"
MT,,,"Europe/Malta"
MU,,,"Indian/Mauritius"
MV,,,"Indian/Maldives"
MW,,,"Africa/Blantyre"
MX,,,"America/Mexico_City"
MX,AGU,,"America/Mexico_City"
MX,BCN,,"America/Tijuana"
MX,BCN,"Rodeo Cota","America/Santa_Isabel"
MX,BCN,"Leon","America/Santa_Isabel"
MX,BCN,"San Luis","America/Santa_Isabel"
MX,BCN,"Sonora","America/Santa_Isabel"
MX,BCS,,"America/Mazatlan"
MX,CAM,,"America/Merida"
MX,CHH,,"America/Chihuahua"
MX,CHH,"Benito Juarez (Santa Elena)","America/Ojinaga"
MX,CHH,"Ojinaga","America/Ojinaga"
MX,CHH,"Ciudad Juárez","America/Ojinaga"
MX,CHP,,"America/Mexico_City"
MX,CHP,,"America/Merida"
MX,CHP,"Brisas Barra de Suchiate","America/Merida"
MX,COA,,"America/Matamoros"
MX,COL,,"America/Mexico_City"
MX,DIF,,"America/Mexico_City"
MX,GRO,,"America/Mexico_City"
MX,GUA,,"America/Mexico_City"
MX,HID,,"America/Mexico_City"
MX,JAL,,"America/Mexico_City"
MX,JAL,"San Jose del Valle","America/Mazatlan"
MX,MEX,,"America/Mexico_City"
MX,MIC,,"America/Mexico_City"
MX,MOR,,"America/Mexico_City"
MX,NAY,,"America/Mazatlan"
MX,NAY,"Bucerias","America/Bahia_Banderas"
MX,NLE,,"America/Matamoros"
MX,OAX,,"America/Mexico_City"
MX,PUE,,"America/Mexico_City"
MX,QUE,,"America/Mexico_City"
MX,ROO,,"America/Cancun"
MX,ROO,,"America/Merida"
MX,SIN,,"America/Mazatlan"
MX,SLP,,"America/Mexico_City"
MX,SON,,"America/Hermosillo"
MX,TAB,,"America/Mexico_City"
MX,TAM,,"America/Monterrey"
MX,TAM,"Revolucion Reynosa [Cooperativa]","America/Matamoros"
MX,TAM,"Heroica Matamoros","America/Matamoros"
MX,TAM,"Reynosa","America/Matamoros"
MX,TAM,"Nuevo Laredo","America/Matamoros"
MX,TLA,,"America/Mexico_City"
MX,VER,,"America/Mexico_City"
MX,YUC,,"America/Merida"
MX,ZAC,,"America/Mexico_City"
MY,,,"Asia/Kuala_Lumpur"
MY,2,,"Asia/Kuala_Lumpur"
MY,12,,"Asia/Kuching"
MY,13,,"Asia/Kuching"
MY,15,,"Asia/Kuching"
MZ,,,"Africa/Maputo"
NA,,,"Africa/Windhoek"
NC,,,"Pacific/Noumea"
NE,,,"Africa/Niamey"
NG,,,"Africa/Lagos"
NI,,,"America/Managua"
NL,,,"Europe/Amsterdam"
NO,,,"Europe/Oslo"
NP,,,"Asia/Kathmandu"
NR,,,"Pacific/Nauru"
NZ,,,"Pacific/Auckland"
NZ,CAN,,"Pacific/Auckland"
NZ,CIT,,"Pacific/Chatham"
OM,,,"Asia/Muscat"
PA,,,"America/Panama"
PE,,,"America/Lima"
PF,,,"Pacific/Tahiti"
PG,,,"Pacific/Port_Moresby"
PG,ESW,,"Pacific/Port_Moresby"
PG,NSA,,"Pacific/Bougainville"
PH,,,"Asia/Manila"
PK,,,"Asia/Karachi"
PL,,,"Europe/Warsaw"
PT,,,"Europe/Lisbon"
PT,14,,"Europe/Lisbon"
PT,16,,"Europe/Madrid"
PT,20,,"Atlantic/Azores"
PT,30,,"Atlantic/Madeira"
PY,,,"America/Asuncion"
QA,,,"Asia/Qatar"
RO,,,"Europe/Bucharest"
RS,,,"Europe/Belgrade"
RU,,,"Asia/Omsk"
RU,AL,,"Asia/Omsk"
RU,ALT,,"Asia/Omsk"
RU,AMU,,"Asia/Yakutsk"
RU,AST,,"Europe/Volgograd"
RU,BA,,"Asia/Yekaterinburg"
RU,BU,,"Asia/Irkutsk"
RU,CHE,,"Asia/Yekaterinburg"
RU,CHU,,"Asia/Anadyr"
RU,IRK,,"Asia/Irkutsk"
RU,KAM,,"Asia/Kamchatka"
RU,KEM,,"Asia/Novokuznetsk"
RU,KGD,,"Europe/Kaliningrad"
RU,KGN,,"Asia/Yekaterinburg"
RU,KHA,,"Asia/Vladivostok"
RU,KHA,"Avri","Asia/Khandyga"
RU,KHM,,"Asia/Yekaterinburg"
RU,KIR,,"Europe/Volgograd"
RU,KK,,"Asia/Krasnoyarsk"
RU,KYA,,"Asia/Krasnoyarsk"
RU,MAG,,"Asia/Magadan"
RU,NVS,,"Asia/Novosibirsk"
RU,OMS,,"Asia/Omsk"
RU,ORE,,"Asia/Yekaterinburg"
RU,PER,,"Asia/Yekaterinburg"
RU,PRI,,"Asia/Vladivostok"
RU,SA,,"Asia/Yakutsk"
RU,SA,"Osnova","Asia/Vladivostok"
RU,SAK,,"Asia/Sakhalin"
RU,SAK,"Severo-Kuril'sk","Asia/Magadan"
RU,SAM,,"Europe/Samara"
RU,SAR,,"Europe/Volgograd"
RU,SVE,,"Asia/Yekaterinburg"
RU,TA,,"Europe/Samara"
RU,TOM,,"Asia/Novosibirsk"
RU,TVE,,"Europe/Moscow"
RU,TY,,"Asia/Krasnoyarsk"
RU,TYU,,"Asia/Yekaterinburg"
RU,UD,,"Europe/Samara"
RU,VGG,,"Europe/Volgograd"
RU,YAN,,"Asia/Yekaterinburg"
RU,YEV,,"Asia/Vladivostok"
RU,ZAB,,"Asia/Yakutsk"
RW,,,"Africa/Kigali"
SA,,,"Asia/Riyadh"
SB,,,"Pacific/Guadalcanal"
SC,,,"Indian/Mahe"
SD,,,"Africa/Khartoum"
SE,,,"Europe/Stockholm"
SH,,,"Atlantic/St_Helena"
SI,,,"Europe/Ljubljana"
SJ,,,"Arctic/Longyearbyen"
SK,,,"Europe/Bratislava"
SL,,,"Africa/Freetown"
SM,,,"Europe/San_Marino"
SN,,,"Africa/Dakar"
SO,,,"Africa/Mogadishu"
SR,,,"America/Paramaribo"
SS,,,"Africa/Juba"
ST,,,"Africa/Sao_Tome"
SV,,,"America/El_Salvador"
SY,,,"Asia/Damascus"
SZ,,,"Africa/Mbabane"
TD,,,"Africa/Ndjamena"
TG,,,"Africa/Lome"
TH,,,"Asia/Bangkok"
TJ,,,"Asia/Dushanbe"
TK,,,"Pacific/Fakaofo"
TL,,,"Asia/Dili"
TM,,,"Asia/Ashgabat"
TN,,,"Africa/Tunis"
TO,,,"Pacific/Tongatapu"
TR,,,"Europe/Istanbul"
TT,,,"America/Port_of_Spain"
TV,,,"Pacific/Funafuti"
TZ,,,"Africa/Dar_es_Salaam"
UA,,,"Europe/Zaporozhye"
UA,9,,"Europe/Zaporozhye"
UA,21,,"Europe/Uzhgorod"
UA,23,,"Europe/Zaporozhye"
UA,40,,"Europe/Simferopol"
UA,43,,"Europe/Simferopol"
UA,63,,"Europe/Zaporozhye"
UA,71,,"Europe/Kiev"
UG,,,"Africa/Kampala"
US,,,"America/New_York"
US,AK,,"America/Anchorage"
US,AK,"Tuntutuliak","America/Nome"
US,AK,"Mekoryuk","America/Nome"
US,AK,"Hooper Bay","America/Nome"
US,AK,"Toksook Bay","America/Nome"
US,AK,"Chevak","America/Nome"
US,AK,"Akutan","America/Nome"
US,AK,"Alakanuk","America/Nome"
US,AK,"Kotlik","America/Nome"
US,AK,"Chefornak","America/Nome"
US,AK,"Teller","America/Nome"
US,AK,"Kongiganak","America/Nome"
US,AK,"Kipnuk","America/Nome"
US,AK,"Point Hope","America/Nome"
US,AK,"Noatak","America/Nome"
US,AK,"Mountain Village","America/Nome"
US,AK,"Point Lay","America/Nome"
US,AK,"Pilot Station","America/Nome"
US,AK,"Scammon Bay","America/Nome"
US,AK,"Nome","America/Nome"
US,AK,"Kotzebue","America/Nome"
US,AK,"Stebbins","America/Nome"
US,AK,"King Cove","America/Nome"
US,AK,"Juneau","America/Juneau"
US,AK,"Coffman Cove","America/Juneau"
US,AK,"Klawock","America/Juneau"
US,AK,"Angoon","America/Juneau"
US,AK,"Douglas","America/Juneau"
US,AK,"Thorne Bay","America/Juneau"
US,AK,"Craig","America/Juneau"
US,AK,"Haines","America/Juneau"
US,AK,"Skaguay","America/Juneau"
US,AK,"Sitka","America/Sitka"
US,AK,"Ketchikan","America/Sitka"
US,AK,"Petersburg","America/Sitka"
US,AK,"Kake","America/Sitka"
US,AK,"Wrangel","America/Sitka"
US,AK,"Dutch Harbor","America/Adak"
US,AK,"Unalaska","America/Adak"
US,AK,"Adak","America/Adak"
US,AK,"Nazan Village","America/Adak"
US,AK,"Metlakatla","America/Metlakatla"
US,AL,,"America/New_York"
US,AZ,,"America/Phoenix"
US,AZ,"Tsaile","America/Denver"
US,AZ,"Fort Defiance","America/Denver"
US,AZ,"Ganado","America/Denver"
US,AZ,"Teec Nos Pos","America/Denver"
US,AZ,"Tuba City","America/Denver"
US,AZ,"Window Rock","America/Denver"
US,AZ,"Saint Michaels","America/Denver"
US,AZ,"Kayenta","America/Denver"
US,AZ,"Many Farms","America/Denver"
US,AZ,"Pinon","America/Denver"
US,AZ,"Chinle","America/Denver"
US,AZ,"Topock","America/Los_Angeles"
US,CA,,"America/Los_Angeles"
US,CO,,"America/Denver"
US,CT,,"America/New_York"
US,DC,,"America/New_York"
US,DE,,"America/New_York"
US,FL,,"America/New_York"
US,GA,,"America/New_York"
US,HI,,"Pacific/Honolulu"
US,ID,,"America/Boise"
US,ID,"Rathdrum","America/Los_Angeles"
US,ID,"Sagle","America/Los_Angeles"
US,ID,"Potlatch","America/Los_Angeles"
US,ID,"Bonners Ferry","America/Los_Angeles"
US,ID,"Worley","America/Los_Angeles"
US,ID,"Priest River","America/Los_Angeles"
US,ID,"Blanchard","America/Los_Angeles"
US,ID,"Tensed","America/Los_Angeles"
US,ID,"Weippe","America/Los_Angeles"
US,ID,"Stites","America/Los_Angeles"
US,ID,"Wallace","America/Los_Angeles"
US,ID,"Athol","America/Los_Angeles"
US,ID,"Spirit Lake","America/Los_Angeles"
US,ID,"Troy","America/Los_Angeles"
US,ID,"Viola","America/Los_Angeles"
US,ID,"Sandpoint","America/Los_Angeles"
US,ID,"White Bird","America/Los_Angeles"
US,ID,"Bayview","America/Los_Angeles"
US,ID,"Saint Maries","America/Los_Angeles"
US,ID,"Coolin","America/Los_Angeles"
US,ID,"Lewiston","America/Los_Angeles"
US,ID,"Lenore","America/Los_Angeles"
US,ID,"Lapwai","America/Los_Angeles"
US,ID,"Fernwood","America/Los_Angeles"
US,ID,"Elk River","America/Los_Angeles"
US,ID,"Moyie Springs","America/Los_Angeles"
US,ID,"Moscow","America/Los_Angeles"
US,ID,"Dover","America/Los_Angeles"
US,ID,"Kingston","America/Los_Angeles"
US,ID,"Kooskia","America/Los_Angeles"
US,ID,"Genesee","America/Los_Angeles"
US,ID,"Hayden","America/Los_Angeles"
US,ID,"Grangeville","America/Los_Angeles"
US,ID,"Juliaetta","America/Los_Angeles"
US,ID,"Kamiah","America/Los_Angeles"
US,ID,"Kendrick","America/Los_Angeles"
US,ID,"Kellogg","America/Los_Angeles"
US,ID,"Mullan","America/Los_Angeles"
US,ID,"Naples","America/Los_Angeles"
US,ID,"Pierce","America/Los_Angeles"
US,ID,"Peck","America/Los_Angeles"
US,ID,"Clark Fork","America/Los_Angeles"
US,ID,"Pinehurst","America/Los_Angeles"
US,ID,"Cataldo","America/Los_Angeles"
US,ID,"Ponderay","America/Los_Angeles"
US,ID,"Careywood","America/Los_Angeles"
US,ID,"Plummer","America/Los_Angeles"
US,ID,"Post Falls","America/Los_Angeles"
US,ID,"Clarkia","America/Los_Angeles"
US,ID,"Nezperce","America/Los_Angeles"
US,ID,"Craigmont","America/Los_Angeles"
US,ID,"Culdesac","America/Los_Angeles"
US,ID,"Oldtown","America/Los_Angeles"
US,ID,"Orofino","America/Los_Angeles"
US,ID,"Cottonwood","America/Los_Angeles"
US,ID,"Osburn","America/Los_Angeles"
US,ID,"Coeur d'Alene","America/Los_Angeles"
US,ID,"Freedom","America/Denver"
US,IN,,"America/Indiana/Indianapolis"
US,IN,"Westville","America/Chicago"
US,IN,"Wheatfield","America/Chicago"
US,IN,"Wheeler","America/Chicago"
US,IN,"Portage","America/Chicago"
US,IN,"Whiting","America/Chicago"
US,IN,"Brook","America/Chicago"
US,IN,"Evanston","America/Chicago"
US,IN,"Munster","America/Chicago"
US,IN,"Oakland City","America/Chicago"
US,IN,"Owensville","America/Chicago"
US,IN,"Patoka","America/Chicago"
US,IN,"Poseyville","America/Chicago"
US,IN,"Schneider","America/Chicago"
US,IN,"Schererville","America/Chicago"
US,IN,"Princeton","America/Chicago"
US,IN,"Valparaiso","America/Chicago"
US,IN,"Saint Meinrad","America/Chicago"
US,IN,"Union Mills","America/Chicago"
US,IN,"Chandler","America/Chicago"
US,IN,"Santa Claus","America/Chicago"
US,IN,"Saint John","America/Chicago"
US,IN,"Rockport","America/Chicago"
US,IN,"Cynthiana","America/Chicago"
US,IN,"Rensselaer","America/Chicago"
US,IN,"Rolling Prairie","America/Chicago"
US,IN,"Wadesville","America/Chicago"
US,IN,"Wanatah","America/Chicago"
US,IN,"Boonville","America/Chicago"
US,IN,"La Porte","America/Chicago"
US,IN,"Dale","America/Chicago"
US,IN,"Evansville","America/Chicago"
US,IN,"Lowell","America/Chicago"
US,IN,"Hobart","America/Chicago"
US,IN,"New Harmony","America/Chicago"
US,IN,"DeMotte","America/Chicago"
US,IN,"Grandview","America/Chicago"
US,IN,"Highland","America/Chicago"
US,IN,"Kouts","America/Chicago"
US,IN,"Dyer","America/Chicago"
US,IN,"Hebron","America/Chicago"
US,IN,"Kentland","America/Chicago"
US,IN,"Haubstadt","America/Chicago"
US,IN,"Kingsbury","America/Chicago"
US,IN,"Mount Vernon","America/Chicago"
US,IN,"La Crosse","America/Chicago"
US,IN,"Crown Point","America/Chicago"
US,IN,"Morocco","America/Chicago"
US,IN,"Hazleton","America/Chicago"
US,IN,"Lake Village","America/Chicago"
US,IN,"Lake Station","America/Chicago"
US,IN,"Hammond","America/Chicago"
US,IN,"Hanna","America/Chicago"
US,IN,"Chesterton","America/Chicago"
US,IN,"Gary","America/Chicago"
US,IN,"Newburgh","America/Chicago"
US,IN,"Fair Oaks","America/Chicago"
US,IN,"Francisco","America/Chicago"
US,IN,"Fort Branch","America/Chicago"
US,IN,"Cedar Lake","America/Chicago"
US,IN,"Gentryville","America/Chicago"
US,IN,"Lynnville","America/Chicago"
US,IN,"Griffith","America/Chicago"
US,IN,"Michigan City","America/Chicago"
US,IN,"East Chicago","America/Chicago"
US,IN,"Goodland","America/Chicago"
US,IN,"Merrillville","America/Chicago"
US,IN,"Hamlet","America/Chicago"
US,IN,"Mauckport","America/Kentucky/Louisville"
US,IN,"Sellersburg","America/Kentucky/Louisville"
US,IN,"Marysville","America/Kentucky/Louisville"
US,IN,"Clarksville","America/Kentucky/Louisville"
US,IN,"Ramsey","America/Kentucky/Louisville"
US,IN,"Laconia","America/Kentucky/Louisville"
US,IN,"Jeffersonville","America/Kentucky/Louisville"
US,IN,"Borden","America/Kentucky/Louisville"
US,IN,"Underwood","America/Kentucky/Louisville"
US,IN,"Lanesville","America/Kentucky/Louisville"
US,IN,"Charlestown","America/Kentucky/Louisville"
US,IN,"Depauw","America/Kentucky/Louisville"
US,IN,"Georgetown","America/Kentucky/Louisville"
US,IN,"Memphis","America/Kentucky/Louisville"
US,IN,"Elizabeth","America/Kentucky/Louisville"
US,IN,"Otisco","America/Kentucky/Louisville"
US,IN,"New Salisbury","America/Kentucky/Louisville"
US,IN,"Palmyra","America/Kentucky/Louisville"
US,IN,"New Albany","America/Kentucky/Louisville"
US,IN,"Greenville","America/Kentucky/Louisville"
US,IN,"Corydon","America/Kentucky/Louisville"
US,IN,"Henryville","America/Kentucky/Louisville"
US,IN,"Crandall","America/Kentucky/Louisville"
US,IN,"Floyds Knobs","America/Kentucky/Louisville"
US,IN,"Dubois","America/Indiana/Vincennes"
US,IN,"Plainville","America/Indiana/Vincennes"
US,IN,"Edwardsport","America/Indiana/Vincennes"
US,IN,"Sandborn","America/Indiana/Vincennes"
US,IN,"Huntingburg","America/Indiana/Vincennes"
US,IN,"Bicknell","America/Indiana/Vincennes"
US,IN,"Birdseye","America/Indiana/Vincennes"
US,IN,"Monroe City","America/Indiana/Vincennes"
US,IN,"Washington","America/Indiana/Vincennes"
US,IN,"Holland","America/Indiana/Vincennes"
US,IN,"Loogootee","America/Indiana/Vincennes"
US,IN,"Vincennes","America/Indiana/Vincennes"
US,IN,"Jasper","America/Indiana/Vincennes"
US,IN,"Montgomery","America/Indiana/Vincennes"
US,IN,"Crane","America/Indiana/Vincennes"
US,IN,"Saint Anthony","America/Indiana/Vincennes"
US,IN,"Elnora","America/Indiana/Vincennes"
US,IN,"Wheatland","America/Indiana/Vincennes"
US,IN,"Ferdinand","America/Indiana/Vincennes"
US,IN,"Odon","America/Indiana/Vincennes"
US,IN,"Shoals","America/Indiana/Vincennes"
US,IN,"Aurora","America/New_York"
US,IN,"West Harrison","America/New_York"
US,IN,"Lawrenceburg","America/New_York"
US,IN,"Guilford","America/New_York"
US,IN,"Rising Sun","America/New_York"
US,IN,"Moores Hill","America/New_York"
US,IN,"Dillsboro","America/New_York"
US,IN,"Milltown","America/Indiana/Marengo"
US,IN,"San Pierre","America/Indiana/Knox"
US,IN,"Francesville","America/Indiana/Winamac"
US,IN,"Winamac","America/Indiana/Winamac"
US,IN,"Star City","America/Indiana/Winamac"
US,IN,"North Judson","America/Indiana/Knox"
US,IN,"Grovertown","America/Indiana/Knox"
US,IN,"Medaryville","America/Indiana/Winamac"
US,IN,"Leavenworth","America/Indiana/Marengo"
US,IN,"Eckerty","America/Indiana/Marengo"
US,IN,"Marengo","America/Indiana/Marengo"
US,IN,"Knox","America/Indiana/Knox"
US,IN,"Tell City","America/Indiana/Tell_City"
US,IN,"Cannelton","America/Indiana/Tell_City"
US,IN,"Leopold","America/Indiana/Tell_City"
US,IN,"Winslow","America/Indiana/Petersburg"
US,IN,"Florence","America/Indiana/Vevay"
US,IN,"Petersburg","America/Indiana/Petersburg"
US,IN,"Vevay","America/Indiana/Vevay"
US,KS,,"America/Denver"
US,KY,,"America/New_York"
US,KY,"Rockfield","America/Chicago"
US,KY,"Roseville","America/Chicago"
US,KY,"Rosine","America/Chicago"
US,KY,"Utica","America/Chicago"
US,KY,"Tompkinsville","America/Chicago"
US,KY,"Roundhill","America/Chicago"
US,KY,"Rumsey","America/Chicago"
US,KY,"Fort Campbell North","America/Chicago"
US,KY,"Saint Charles","America/Chicago"
US,KY,"Sebree","America/Chicago"
US,KY,"Sedalia","America/Chicago"
US,KY,"Scottsville","America/Chicago"
US,KY,"Westview","America/Chicago"
US,KY,"White Plains","America/Chicago"
US,KY,"Smiths Grove","America/Chicago"
US,KY,"West Paducah","America/Chicago"
US,KY,"Webster","America/Chicago"
US,KY,"Slaughters","America/Chicago"
US,KY,"Waverly","America/Chicago"
US,KY,"Smithland","America/Chicago"
US,KY,"West Louisville","America/Chicago"
US,KY,"Whitesville","America/Chicago"
US,KY,"Wickliffe","America/Chicago"
US,KY,"Summersville","America/Chicago"
US,KY,"Summer Shade","America/Chicago"
US,KY,"Symsonia","America/Chicago"
US,KY,"Wingo","America/Chicago"
US,KY,"Woodburn","America/Chicago"
US,KY,"Sturgis","America/Chicago"
US,KY,"Russell Springs","America/Chicago"
US,KY,"Salem","America/Chicago"
US,KY,"Stephensport","America/Chicago"
US,KY,"Sacramento","America/Chicago"
US,KY,"Russellville","America/Chicago"
US,KY,"Tiline","America/Chicago"
US,KY,"Kevil","America/Chicago"
US,KY,"Corydon","America/Chicago"
US,KY,"Columbia","America/Chicago"
US,KY,"Crofton","America/Chicago"
US,KY,"Cub Run","America/Chicago"
US,KY,"Dawson Springs","America/Chicago"
US,KY,"Cunningham","America/Chicago"
US,KY,"Cloverport","America/Chicago"
US,KY,"Clinton","America/Chicago"
US,KY,"Centertown","America/Chicago"
US,KY,"Center","America/Chicago"
US,KY,"Central City","America/Chicago"
US,KY,"Cerulean","America/Chicago"
US,KY,"Clarkson","America/Chicago"
US,KY,"Dixon","America/Chicago"
US,KY,"Drakesboro","America/Chicago"
US,KY,"Franklin","America/Chicago"
US,KY,"Fountain Run","America/Chicago"
US,KY,"Fredonia","America/Chicago"
US,KY,"Fulton","America/Chicago"
US,KY,"Gilbertsville","America/Chicago"
US,KY,"Garfield","America/Chicago"
US,KY,"Fordsville","America/Chicago"
US,KY,"Fancy Farm","America/Chicago"
US,KY,"Eddyville","America/Chicago"
US,KY,"Dunmor","America/Chicago"
US,KY,"Edmonton","America/Chicago"
US,KY,"Elkton","America/Chicago"
US,KY,"Falls of Rough","America/Chicago"
US,KY,"Cave City","America/Chicago"
US,KY,"Canmer","America/Chicago"
US,KY,"Arlington","America/Chicago"
US,KY,"Alvaton","America/Chicago"
US,KY,"Auburn","America/Chicago"
US,KY,"Bardwell","America/Chicago"
US,KY,"Beaumont","America/Chicago"
US,KY,"Barlow","America/Chicago"
US,KY,"Almo","America/Chicago"
US,KY,"Alpha","America/Chicago"
US,KY,"Paducah","America/Chicago"
US,KY,"Horse Branch","America/Chicago"
US,KY,"Adairville","America/Chicago"
US,KY,"Adolphus","America/Chicago"
US,KY,"Albany","America/Chicago"
US,KY,"Beaver Dam","America/Chicago"
US,KY,"Bee Spring","America/Chicago"
US,KY,"Burkesville","America/Chicago"
US,KY,"Brownsville","America/Chicago"
US,KY,"Cadiz","America/Chicago"
US,KY,"Calhoun","America/Chicago"
US,KY,"Caneyville","America/Chicago"
US,KY,"Calvert City","America/Chicago"
US,KY,"Browder","America/Chicago"
US,KY,"Bremen","America/Chicago"
US,KY,"Benton","America/Chicago"
US,KY,"Beechmont","America/Chicago"
US,KY,"Boaz","America/Chicago"
US,KY,"Bonnieville","America/Chicago"
US,KY,"Bowling Green","America/Chicago"
US,KY,"Robards","America/Chicago"
US,KY,"Glasgow","America/Chicago"
US,KY,"McDaniels","America/Chicago"
US,KY,"Mayfield","America/Chicago"
US,KY,"McHenry","America/Chicago"
US,KY,"Millwood","America/Chicago"
US,KY,"Morgantown","America/Chicago"
US,KY,"Morganfield","America/Chicago"
US,KY,"Marion","America/Chicago"
US,KY,"Manitou","America/Chicago"
US,KY,"Lewisburg","America/Chicago"
US,KY,"Glens Fork","America/Chicago"
US,KY,"Lewisport","America/Chicago"
US,KY,"Livermore","America/Chicago"
US,KY,"Madisonville","America/Chicago"
US,KY,"Mortons Gap","America/Chicago"
US,KY,"Munfordville","America/Chicago"
US,KY,"Pembroke","America/Chicago"
US,KY,"Owensboro","America/Chicago"
US,KY,"Philpot","America/Chicago"
US,KY,"Princeton","America/Chicago"
US,KY,"Providence","America/Chicago"
US,KY,"Olaton","America/Chicago"
US,KY,"Oakland","America/Chicago"
US,KY,"Nebo","America/Chicago"
US,KY,"Murray","America/Chicago"
US,KY,"New Concord","America/Chicago"
US,KY,"Nortonville","America/Chicago"
US,KY,"Oak Grove","America/Chicago"
US,KY,"Ledbetter","America/Chicago"
US,KY,"Leitchfield","America/Chicago"
US,KY,"Harned","America/Chicago"
US,KY,"Hardyville","America/Chicago"
US,KY,"Hartford","America/Chicago"
US,KY,"Hawesville","America/Chicago"
US,KY,"Kuttawa","America/Chicago"
US,KY,"Hazel","America/Chicago"
US,KY,"Hardinsburg","America/Chicago"
US,KY,"Hardin","America/Chicago"
US,KY,"Greensburg","America/Chicago"
US,KY,"Grand Rivers","America/Chicago"
US,KY,"Greenville","America/Chicago"
US,KY,"Guthrie","America/Chicago"
US,KY,"Hanson","America/Chicago"
US,KY,"Hickman","America/Chicago"
US,KY,"Henderson","America/Chicago"
US,KY,"Irvington","America/Chicago"
US,KY,"La Center","America/Chicago"
US,KY,"Island","America/Chicago"
US,KY,"Jamestown","America/Chicago"
US,KY,"Hudson","America/Chicago"
US,KY,"Kirksey","America/Chicago"
US,KY,"Hickory","America/Chicago"
US,KY,"Hopkinsville","America/Chicago"
US,KY,"Horse Cave","America/Chicago"
US,KY,"La Fayette","America/Chicago"
US,KY,"Knob Lick","America/Chicago"
US,KY,"Prospect","America/Kentucky/Louisville"
US,KY,"Fisherville","America/Kentucky/Louisville"
US,KY,"Fairdale","America/Kentucky/Louisville"
US,KY,"Louisville","America/Kentucky/Louisville"
US,KY,"Saint Matthews","America/Kentucky/Louisville"
US,KY,"Monticello","America/Kentucky/Monticello"
US,MA,,"America/New_York"
US,MD,,"America/New_York"
US,ME,,"America/New_York"
US,MI,,"America/Detroit"
US,MI,"Quinnesec","America/Menominee"
US,MI,"Wilson","America/Menominee"
US,MI,"Daggett","America/Menominee"
US,MI,"Powers","America/Menominee"
US,MI,"Kingsford","America/Menominee"
US,MI,"Perronville","America/Menominee"
US,MI,"Marenisco","America/Menominee"
US,MI,"Channing","America/Menominee"
US,MI,"Menominee","America/Menominee"
US,MI,"Bessemer","America/Menominee"
US,MI,"Norway","America/Menominee"
US,MI,"Metropolitan","America/Menominee"
US,MI,"Caspian","America/Menominee"
US,MI,"Carney","America/Menominee"
US,MI,"Stephenson","America/Menominee"
US,MI,"Siemens","America/Menominee"
US,MI,"Foster City","America/Menominee"
US,MI,"Hermansville","America/Menominee"
US,MI,"Iron River","America/Menominee"
US,MI,"Ironwood","America/Menominee"
US,MI,"Crystal Falls","America/Menominee"
US,MI,"Iron Mountain","America/Menominee"
US,MI,"Watersmeet","America/Menominee"
US,MI,"Vulcan","America/Menominee"
US,MI,"Wakefield","America/Menominee"
US,MI,"Wallace","America/Menominee"
US,MI,"Alpha","America/Menominee"
US,MT,,"America/Denver"
US,NC,,"America/New_York"
US,NC,"Unorganized Territory of Camp Lejeune","America/Kentucky/Monticello"
US,ND,,"America/Chicago"
US,ND,"Rhame","America/Denver"
US,ND,"Sentinel Butte","America/Denver"
US,ND,"Scranton","America/Denver"
US,ND,"Richardton","America/Denver"
US,ND,"Taylor","America/Denver"
US,ND,"Regent","America/Denver"
US,ND,"Mott","America/Denver"
US,ND,"Belfield","America/Denver"
US,ND,"Halliday","America/Denver"
US,ND,"North Lemmon","America/Denver"
US,ND,"Amidon","America/Denver"
US,ND,"Bowman","America/Denver"
US,ND,"Fairfield","America/Denver"
US,ND,"East Fairview","America/Denver"
US,ND,"Elgin","America/Denver"
US,ND,"Carson","America/Denver"
US,ND,"Killdeer","America/Denver"
US,ND,"Hettinger","America/Denver"
US,ND,"Dickinson","America/Denver"
US,ND,"New England","America/Denver"
US,ND,"Lefor","America/Denver"
US,ND,"Beach","America/Denver"
US,ND,"Manning","America/Denver"
US,ND,"Medora","America/Denver"
US,ND,"Flasher","America/North_Dakota/New_Salem"
US,ND,"Glen Ullin","America/North_Dakota/New_Salem"
US,ND,"Saint Anthony","America/North_Dakota/New_Salem"
US,ND,"Mandan","America/North_Dakota/New_Salem"
US,ND,"Hebron","America/North_Dakota/New_Salem"
US,ND,"New Salem","America/North_Dakota/New_Salem"
US,ND,"Golden Valley","America/North_Dakota/Beulah"
US,ND,"Hazen","America/North_Dakota/Beulah"
US,ND,"Beulah","America/North_Dakota/Beulah"
US,NE,,"America/Denver"
US,NH,,"America/New_York"
US,NJ,,"America/New_York"
US,NM,,"America/Denver"
US,NV,,"America/Los_Angeles"
US,NY,,"America/New_York"
US,OH,,"America/New_York"
US,OR,,"America/Los_Angeles"
US,OR,"Ontario","America/Boise"
US,OR,"Harper","America/Boise"
US,OR,"Jordan Valley","America/Boise"
US,OR,"Nyssa","America/Boise"
US,OR,"Vale","America/Boise"
US,PA,,"America/New_York"
US,RI,,"America/New_York"
US,SC,,"America/New_York"
US,SD,,"America/Denver"
US,TN,,"America/New_York"
US,TX,,"America/Chicago"
US,TX,"Canutillo","America/Denver"
US,TX,"Tornillo","America/Denver"
US,TX,"Clint","America/Denver"
US,TX,"San Elizario","America/Denver"
US,TX,"Anthony","America/Denver"
US,TX,"Fabens","America/Denver"
US,TX,"El Paso","America/Denver"
US,UT,,"America/Denver"
US,VA,,"America/New_York"
US,VT,,"America/New_York"
US,WA,,"America/Los_Angeles"
US,WV,,"America/New_York"
US,WY,,"America/Denver"
UY,,,"America/Montevideo"
UZ,,,"Asia/Samarkand"
UZ,QA,,"Asia/Samarkand"
UZ,TK,,"Asia/Tashkent"
VC,,,"America/St_Vincent"
VE,,,"America/Caracas"
VI,,,"America/St_Thomas"
VN,,,"Asia/Ho_Chi_Minh"
VU,,,"Pacific/Efate"
WF,,,"Pacific/Wallis"
WS,,,"Pacific/Apia"
YE,,,"Asia/Aden"
ZA,,,"Africa/Johannesburg"
ZM,,,"Africa/Lusaka"
ZW,,,"Africa/Harare"